Index,Word,Frequency
0,transformer,246
1,tag,185
2,transformers,177
3,protection,131
4,The,126
5,winding,97
6,test,94
7,oil,84
8,Table,79
9,current,62
10,A,61
11,tap,61
12,fault,59
13,insulation,57
14,ground,54
15,relay,51
16,FM,51
17,core,48
18,Transformers,46
19,system,46
20,used,45
21,also,45
22,windings,44
23,Section,43
24,electrical,43
25,factor,43
26,Transformer,42
27,3,42
28,Approved,42
29,testing,41
30,power,41
31,following,40
32,fluid,39
33,2,38
34,voltage,38
35,1,37
36,changer,37
37,5,37
38,This,37
39,T,36
40,fire,36
41,faults,35
42,Subsection,35
43,overcurrent,34
44,Fig,33
45,bushings,33
46,resistance,32
47,high,31
48,paper,31
49,monitoring,31
50,results,30
51,bushing,30
52,tank,30
53,condition,29
54,Protection,29
55,Power,29
56,For,29
57,provide,28
58,B,28
59,frequency,28
60,tests,27
61,Data,27
62,performed,27
63,accordance,26
64,containment,26
65,low,26
66,15,26
67,analysis,25
68,Sheet,25
69,Fire,24
70,may,24
71,using,24
72,gases,24
73,equipment,24
74,DGA,24
75,Provide,23
76,50,23
77,main,23
78,water,23
79,changes,23
80,measured,22
81,response,22
82,needed,22
83,internal,22
84,25,22
85,Liquid,22
86,exposed,21
87,differential,21
88,temperature,21
89,measurement,21
90,It,21
91,connected,21
92,determine,21
93,per,21
94,one,21
95,online,21
96,4,20
97,8,20
98,systems,20
99,construction,19
100,Factor,19
101,kVA,19
102,protective,19
103,value,19
104,problems,19
105,Time,19
106,gas,19
107,delay,19
108,recommendations,19
109,Oil,18
110,exciting,18
111,Where,18
112,pressure,18
113,use,18
114,ft,18
115,size,18
116,discharge,18
117,provided,18
118,separation,17
119,capacitance,17
120,See,17
121,greater,17
122,These,17
123,10,17
124,Perform,17
125,Ground,17
126,ppm,17
127,contamination,17
128,well,17
129,buildings,17
130,In,17
131,device,17
132,spray,16
133,moisture,16
134,100,16
135,Device,16
136,minimum,16
137,secondary,16
138,guidance,16
139,set,16
140,building,16
141,file,16
142,operation,16
143,insulating,16
144,Typical,15
145,including,15
146,within,15
147,Figure,15
148,wye,15
149,detect,15
150,dissolved,15
151,data,15
152,kV,15
153,phase,14
154,limits,14
155,gal,14
156,Systems,14
157,REVISION,14
158,level,14
159,currents,14
160,loss,14
161,6,14
162,38,14
163,I,14
164,ASTM,14
165,rooms,13
166,less,13
167,primary,13
168,Monitoring,13
169,conditions,13
170,fluids,13
171,30,13
172,Fluid,13
173,concentration,13
174,perform,13
175,Winding,13
176,area,13
177,Partial,13
178,20,13
179,PCB,13
180,rate,13
181,GLOSSARY,13
182,recommended,13
183,design,13
184,Electrical,13
185,scheme,13
186,least,13
187,Building,12
188,maintenance,12
189,m³,12
190,distance,12
191,multiple,12
192,sprinkler,12
193,barrier,12
194,No,12
195,based,12
196,room,12
197,exposure,12
198,nameplate,12
199,emergency,12
200,If,12
201,two,12
202,damage,12
203,min,12
204,levels,12
205,Test,12
206,important,11
207,Separation,11
208,plan,11
209,X,11
210,thermal,11
211,High,11
212,needs,11
213,measure,11
214,delta,11
215,sensors,11
216,19,11
217,three,11
218,Use,11
219,wall,11
220,replaced,11
221,Purpose,11
222,could,11
223,lead,11
224,different,11
225,cause,11
226,neutral,11
227,operating,10
228,Main,10
229,strength,10
230,Z,10
231,time,10
232,furan,10
233,Y,10
234,Approval,10
235,Carbon,10
236,leads,10
237,magnitude,10
238,leakage,10
239,Construction,10
240,Gas,10
241,see,10
242,7,10
243,Type,10
244,include,10
245,reference,10
246,movement,10
247,information,10
248,roof,10
249,Insulation,10
250,made,10
251,Core,10
252,alternative,10
253,generate,10
254,Instantaneous,10
255,Tests,10
256,circuited,10
257,ratio,10
258,new,10
259,alternatives,9
260,screen,9
261,indoor,9
262,history,9
263,spill,9
264,Containment,9
265,content,9
266,typical,9
267,critical,9
268,monitor,9
269,liquid,9
270,Global,9
271,network,9
272,distances,9
273,Moisture,9
274,Water,9
275,1E,9
276,circuit,9
277,addition,9
278,max,9
279,sat,9
280,connections,9
281,Current,9
282,Outage,9
283,Testing,9
284,devices,9
285,corrosive,9
286,mineral,9
287,Condition,9
288,refer,9
289,life,9
290,limit,9
291,general,9
292,prevent,9
293,abnormal,9
294,shown,9
295,C₂H₄,8
296,compartment,8
297,OEM,8
298,sulfur,8
299,containing,8
300,replacement,8
301,components,8
302,due,8
303,flow,8
304,method,8
305,listed,8
306,equivalent,8
307,reading,8
308,make,8
309,CO,8
310,present,8
311,mechanical,8
312,located,8
313,Do,8
314,factors,8
315,H₂,8
316,cellulose,8
317,Analysis,8
318,possible,8
319,example,8
320,CH₄,8
321,Tap,8
322,change,8
323,capacitive,8
324,outdoor,8
325,either,8
326,open,8
327,500,8
328,ability,8
329,nozzles,8
330,piping,8
331,drainage,8
332,previous,8
333,areas,8
334,barriers,8
335,problem,8
336,walls,8
337,detection,8
338,indicate,8
339,Design,8
340,18,8
341,Generation,8
342,horizontal,8
343,bladder,7
344,filled,7
345,position,7
346,type,7
347,rating,7
348,12,7
349,leaks,7
350,CO₂,7
351,extent,7
352,sample,7
353,Noncombustible,7
354,turns,7
355,C₂H₆,7
356,inductance,7
357,means,7
358,adjacent,7
359,check,7
360,However,7
361,There,7
362,air,7
363,higher,7
364,unit,7
365,combustible,7
366,Mineral,7
367,activity,7
368,view,7
369,Exposure,7
370,good,7
371,1C,7
372,increase,7
373,87TN,7
374,1B,7
375,Minimum,7
376,additional,7
377,Sudden,7
378,allows,7
379,overload,7
380,drums,7
381,revision,7
382,liquids,7
383,overheating,7
384,c,7
385,relays,7
386,degradation,7
387,location,7
388,applied,7
389,IEEE,7
390,Dielectric,7
391,installed,7
392,35,7
393,related,7
394,need,7
395,edge,7
396,Dissolved,7
397,manufacturer,7
398,noncombustible,7
399,deterioration,6
400,included,6
401,aging,6
402,implement,6
403,solid,6
404,indicates,6
405,routine,6
406,interstate,6
407,standard,6
408,typically,6
409,passivators,6
410,allow,6
411,recommendation,6
412,grounding,6
413,When,6
414,radio,6
415,available,6
416,storage,6
417,done,6
418,ensure,6
419,depending,6
420,protect,6
421,lower,6
422,processed,6
423,measurements,6
424,mist,6
425,Wall,6
426,similar,6
427,APPENDIX,6
428,interpretation,6
429,concentrations,6
430,follows,6
431,Class,6
432,26,6
433,1000,6
434,dimensions,6
435,Between,6
436,e,6
437,Size,6
438,General,6
439,exceed,6
440,Included,6
441,locate,6
442,smoke,6
443,Filled,6
444,flowing,6
445,Ignitable,6
446,System,6
447,Measurement,6
448,Resistance,6
449,Response,6
450,poor,6
451,shorted,6
452,part,6
453,G2,6
454,G1,6
455,dielectric,6
456,mode,6
457,relative,6
458,corrected,6
459,Online,6
460,C₂H₂,6
461,17,6
462,Location,6
463,generation,6
464,detects,6
465,Screen,6
466,compounds,6
467,signal,6
468,Frequency,6
469,Per,6
470,rated,6
471,Std,6
472,result,6
473,proper,6
474,At,6
475,cooling,6
476,rupture,6
477,detected,5
478,inside,5
479,200,5
480,Leakage,5
481,Turns,5
482,outside,5
483,Thermography,5
484,Discharge,5
485,28,5
486,hot,5
487,taken,5
488,PCBs,5
489,affect,5
490,free,5
491,rates,5
492,R,5
493,failure,5
494,Liquids,5
495,applicable,5
496,To,5
497,24,5
498,useful,5
499,hours,5
500,noise,5
501,1A,5
502,changers,5
503,Figures,5
504,tensile,5
505,Other,5
506,49,5
507,comparing,5
508,40,5
509,years,5
510,separate,5
511,short,5
512,considered,5
513,na,5
514,months,5
515,basis,5
516,normal,5
517,form,5
518,document,5
519,features,5
520,All,5
521,tested,5
522,Acoustic,5
523,difference,5
524,hydrogen,5
525,month,5
526,July,5
527,Loss,5
528,They,5
529,Dioxide,5
530,dry,5
531,Changes,5
532,Monoxide,5
533,Also,5
534,Ethane,5
535,Ethylene,5
536,Acetylene,5
537,materials,5
538,Methane,5
539,Hydrogen,5
540,14,5
541,16,5
542,grounded,5
543,Outdoor,5
544,requirements,5
545,monitors,5
546,furnace,5
547,Shorted,5
548,Notes,5
549,increases,5
550,section,5
551,300,5
552,sequence,5
553,Devices,5
554,50G,5
555,67N,5
556,distribution,5
557,sprinklers,5
558,Improved,5
559,sheet,5
560,Operations,5
561,supply,5
562,Limits,5
563,clear,5
564,DP,5
565,waters,5
566,calculated,5
567,Typically,5
568,contingency,5
569,partial,5
570,properties,5
571,parameters,5
572,Ester,5
573,must,5
574,automatic,5
575,Description,5
576,Spray,5
577,contain,5
578,specialty,5
579,63,5
580,Not,5
581,None,5
582,Any,5
583,usually,5
584,access,5
585,51TL,5
586,shunt,5
587,special,5
588,Volume,5
589,grounds,5
590,sampling,5
591,71,5
592,E,5
593,revised,5
594,determined,4
595,corresponding,4
596,cm,4
597,cooled,4
598,later,4
599,applying,4
600,terminal,4
601,porcelain,4
602,natural,4
603,flange,4
604,ventilation,4
605,baseline,4
606,number,4
607,oxygen,4
608,individual,4
609,described,4
610,commerce,4
611,pattern,4
612,naturally,4
613,age,4
614,process,4
615,purposes,4
616,rules,4
617,single,4
618,particular,4
619,150,4
620,clean,4
621,increased,4
622,six,4
623,watts,4
624,another,4
625,nitrogen,4
626,plus,4
627,insulated,4
628,New,4
629,sustained,4
630,hour,4
631,hose,4
632,top,4
633,concrete,4
634,confirm,4
635,outer,4
636,resistances,4
637,around,4
638,includes,4
639,numbers,4
640,occurring,4
641,identify,4
642,certified,4
643,stream,4
644,positions,4
645,carbon,4
646,index,4
647,line,4
648,side,4
649,contaminants,4
650,density,4
651,Guide,4
652,vertical,4
653,mA,4
654,Exposed,4
655,10000,4
656,Poor,4
657,involving,4
658,interference,4
659,installations,4
660,Editorial,4
661,January,4
662,Watts,4
663,acceptable,4
664,direct,4
665,remove,4
666,rather,4
667,Store,4
668,immediately,4
669,overloading,4
670,May,4
671,copper,4
672,generated,4
673,conductor,4
674,Replace,4
675,processing,4
676,Take,4
677,end,4
678,review,4
679,increasing,4
680,Sprinkler,4
681,precautions,4
682,gap,4
683,mm,4
684,every,4
685,230,4
686,sum,4
687,assessment,4
688,longer,4
689,criteria,4
690,remaining,4
691,would,4
692,obtained,4
693,DC,4
694,NEC,4
695,Barrier,4
696,RECOMMENDATIONS,4
697,Values,4
698,50GD,4
699,Phase,4
700,motor,4
701,load,4
702,Revised,4
703,Rate,4
704,32,4
705,Recommended,4
706,conservator,4
707,Chapter,4
708,service,4
709,50TF,4
710,able,4
711,Level,4
712,withstand,4
713,zero,4
714,external,4
715,Walls,4
716,without,4
717,approach,4
718,fuses,4
719,flammable,4
720,Operation,4
721,Maintenance,4
722,11,4
723,Distances,4
724,Rogowski,4
725,vaults,4
726,energized,4
727,Exciting,4
728,management,4
729,conventional,4
730,Capacitance,4
731,enough,4
732,29,4
733,Gases,4
734,Electromagnetic,4
735,39,4
736,impedance,4
737,key,4
738,Load,4
739,sudden,4
740,tanks,4
741,Motor,4
742,AC,4
743,41,4
744,27,4
745,Human,4
746,Occupancy,4
747,environment,4
748,51TF,4
749,large,4
750,achieve,4
751,13,4
752,required,4
753,arc,4
754,heat,4
755,stored,4
756,Interpretation,4
757,Additional,4
758,several,4
759,arrangement,4
760,release,4
761,industrial,4
762,series,4
763,sufficient,4
764,commercial,4
765,Nozzle,4
766,rectifier,4
767,listing,3
768,23,3
769,experience,3
770,evaluating,3
771,Approvals,3
772,handling,3
773,always,3
774,Investigate,3
775,formula,3
776,risk,3
777,misleading,3
778,Appendix,3
779,products,3
780,isolate,3
781,chains,3
782,Note,3
783,larger,3
784,Develop,3
785,absorption,3
786,Because,3
787,diagnosis,3
788,evaluation,3
789,instructions,3
790,Changer,3
791,replace,3
792,Deteriorated,3
793,1D,3
794,Ensure,3
795,Open,3
796,determining,3
797,capacity,3
798,evaluate,3
799,Equipment,3
800,5000,3
801,10B,3
802,continued,3
803,iron,3
804,deficiency,3
805,350,3
806,parapet,3
807,taking,3
808,maintain,3
809,criticality,3
810,fields,3
811,69,3
812,knowledgeable,3
813,laminations,3
814,10A,3
815,34,3
816,37,3
817,circulated,3
818,Adequate,3
819,acceptance,3
820,Electric,3
821,terminals,3
822,Condenser,3
823,range,3
824,material,3
825,order,3
826,stations,3
827,office,3
828,50ND,3
829,Plan,3
830,51N¹,3
831,Mohm,3
832,Dry,3
833,facility,3
834,Tank,3
835,Roof,3
836,Extent,3
837,demand,3
838,monitored,3
839,maximum,3
840,Every,3
841,Based,3
842,explosion,3
843,Buildings,3
844,action,3
845,coverage,3
846,relatively,3
847,trend,3
848,manufacturing,3
849,acoustic,3
850,overpressure,3
851,susceptible,3
852,breaker,3
853,Adhere,3
854,selective,3
855,foreign,3
856,relief,3
857,polarization,3
858,Specialty,3
859,9,3
860,surge,3
861,voltages,3
862,operate,3
863,Spill,3
864,respond,3
865,largest,3
866,sure,3
867,CF,3
868,Fault,3
869,87T,3
870,intended,3
871,Code,3
872,elements,3
873,C,3
874,drains,3
875,gpm,3
876,An,3
877,MVA,3
878,appropriate,3
879,times,3
880,Fixed,3
881,warning,3
882,early,3
883,Installation,3
884,Repair,3
885,nozzle,3
886,Elevation,3
887,tertiary,3
888,function,3
889,PD,3
890,Contingency,3
891,tension,3
892,CAF,3
893,many,3
894,induced,3
895,ester,3
896,bad,3
897,point,3
898,Locate,3
899,specified,3
900,And,3
901,meet,3
902,breathing,3
903,potential,3
904,Therefore,3
905,breakdown,3
906,attached,3
907,Planning,3
908,zone,3
909,Furan,3
910,note,3
911,Indoor,3
912,Doble,3
913,center,3
914,prevention,3
915,Install,3
916,attention,3
917,benchmark,3
918,reenergize,3
919,inspection,3
920,minutes,3
921,f,3
922,pick,3
923,radiators,3
924,Major,3
925,Drainage,3
926,clarity,3
927,Standard,3
928,1400,3
929,completely,3
930,consistency,3
931,modes,3
932,inspect,3
933,contains,3
934,Status,3
935,vibration,3
936,detached,3
937,long,3
938,measuring,3
939,Value,3
940,measures,3
941,foam,3
942,overall,3
943,patterns,3
944,physical,3
945,double,3
946,frequently,3
947,guide,3
948,atmosphere,3
949,b,3
950,energy,3
951,Secondary,3
952,normally,3
953,medium,3
954,like,3
955,integrity,3
956,designed,3
957,concern,3
958,indication,3
959,combustibles,3
960,compound,3
961,Automatic,3
962,mechanisms,3
963,four,3
964,makes,3
965,cable,3
966,Polychlorinated,3
967,valuable,3
968,More,3
969,2019,3
970,small,3
971,KTU,3
972,source,3
973,compared,3
974,practice,3
975,stresses,3
976,moved,3
977,connection,3
978,Prevention,3
979,Interim,3
980,offline,3
981,Primary,3
982,Report,3
983,decisions,3
984,valve,3
985,Check,3
986,sized,3
987,suitable,3
988,33,3
989,spare,3
990,application,3
991,Chemical,3
992,laboratory,3
993,relevant,3
994,editorial,3
995,whichever,3
996,lost,3
997,Minor,3
998,surrounding,3
999,turn,3
1000,occupancy,3
1001,arcing,3
1002,version,3
1003,asset,3
1004,Differential,3
1005,nonthermal,3
1006,ratios,3
1007,capture,2
1008,closest,2
1009,starting,2
1010,definitions,2
1011,Firesafe,2
1012,structural,2
1013,inch,2
1014,Horizontal,2
1015,smaller,2
1016,outdoors,2
1017,Distance,2
1018,hr,2
1019,Dimension,2
1020,Offline,2
1021,necessary,2
1022,Combustible,2
1023,Routine,2
1024,definition,2
1025,types,2
1026,Materials,2
1027,Arrange,2
1028,height,2
1029,Results,2
1030,machinery,2
1031,initial,2
1032,31,2
1033,rest,2
1034,sources,2
1035,Formulas,2
1036,promptly,2
1037,procedure,2
1038,uses,2
1039,Criteria,2
1040,Evaluating,2
1041,spaces,2
1042,60,2
1043,Interpreting,2
1044,Represented,2
1045,Thermographic,2
1046,deenergized,2
1047,Scans,2
1048,constantly,2
1049,presence,2
1050,entire,2
1051,detectors,2
1052,pressurized,2
1053,Natural,2
1054,Detection,2
1055,activities,2
1056,openings,2
1057,personnel,2
1058,principle,2
1059,contents,2
1060,Rules,2
1061,Focused,2
1062,compressed,2
1063,Rooms,2
1064,serious,2
1065,Barriers,2
1066,Concentration,2
1067,reinforced,2
1068,binding,2
1069,Silicon,2
1070,curb,2
1071,block,2
1072,locations,2
1073,exterior,2
1074,History,2
1075,Previous,2
1076,mechanism,2
1077,technology,2
1078,together,2
1079,saturation,2
1080,Adjacent,2
1081,humidity,2
1082,DS,2
1083,floor,2
1084,heating,2
1085,particles,2
1086,C2,2
1087,Only,2
1088,Insulated,2
1089,C1,2
1090,chemical,2
1091,Key,2
1092,Active,2
1093,Areas,2
1094,Production,2
1095,Transportation,2
1096,PREVENTION,2
1097,LOSS,2
1098,Hazards,2
1099,SCOPE,2
1100,better,2
1101,Resin,2
1102,Change,2
1103,Service,2
1104,Bad,2
1105,pump,2
1106,questionable,2
1107,blanketed,2
1108,recommends,2
1109,Ratio,2
1110,inject,2
1111,sections,2
1112,incipient,2
1113,impulse,2
1114,input,2
1115,Diagnostics,2
1116,degrades,2
1117,partition,2
1118,FOR,2
1119,provides,2
1120,SUPPORT,2
1121,Biphenyls,2
1122,voids,2
1123,Containing,2
1124,Filtering,2
1125,match,2
1126,Should,2
1127,refurbished,2
1128,Good,2
1129,influence,2
1130,W,2
1131,115,2
1132,follow,2
1133,compare,2
1134,owner,2
1135,circuits,2
1136,magnitudes,2
1137,give,2
1138,syringe,2
1139,Company,2
1140,Insurance,2
1141,middle,2
1142,limbs,2
1143,Mutual,2
1144,identified,2
1145,rust,2
1146,full,2
1147,Factory,2
1148,Sheets,2
1149,residual,2
1150,drawn,2
1151,practices,2
1152,often,2
1153,pressboard,2
1154,Total,2
1155,written,2
1156,geometry,2
1157,CHL,2
1158,CL,2
1159,HV,2
1160,CH,2
1161,capacitances,2
1162,values,2
1163,exist,2
1164,TDCG,2
1165,120,2
1166,65,2
1167,700,2
1168,1800,2
1169,4630,2
1170,UST,2
1171,70,2
1172,retrieval,2
1173,paid,2
1174,Changers,2
1175,acidity,2
1176,interfacial,2
1177,Locations,2
1178,amount,2
1179,Alternative,2
1180,dashed,2
1181,Both,2
1182,ionic,2
1183,tables,2
1184,residential,2
1185,Alternatively,2
1186,competent,2
1187,company,2
1188,work,2
1189,List,2
1190,ethylene,2
1191,NFPA,2
1192,Telephone,2
1193,BIBLIORGRAPHY,2
1194,companies,2
1195,accessible,2
1196,responsible,2
1197,Refer,2
1198,original,2
1199,Inductance,2
1200,causes,2
1201,Maximum,2
1202,Tables,2
1203,individually,2
1204,Foreseeable,2
1205,description,2
1206,ordinary,2
1207,gasses,2
1208,met,2
1209,Extend,2
1210,beyond,2
1211,vents,2
1212,Determination,2
1213,evolving,2
1214,Emergency,2
1215,tools,2
1216,expose,2
1217,22,2
1218,21,2
1219,case,2
1220,National,2
1221,visual,2
1222,Seal,2
1223,curbed,2
1224,x,2
1225,neighboring,2
1226,Bushing,2
1227,radiator,2
1228,banks,2
1229,thermographic,2
1230,effectively,2
1231,Low,2
1232,Monitor,2
1233,convenient,2
1234,apply,2
1235,Voltage,2
1236,Interference,2
1237,47,2
1238,experts,2
1239,readings,2
1240,Content,2
1241,Oxidation,2
1242,MHz,2
1243,decision,2
1244,indicative,2
1245,looking,2
1246,drum,2
1247,rise,2
1248,CT,2
1249,moving,2
1250,containers,2
1251,close,2
1252,HISTORY,2
1253,DOCUMENT,2
1254,TERMS,2
1255,volume,2
1256,trends,2
1257,wet,2
1258,Another,2
1259,guidelines,2
1260,relied,2
1261,OF,2
1262,REFERENCES,2
1263,past,2
1264,Aging,2
1265,hazard,2
1266,sandflats,2
1267,navigable,2
1268,alerts,2
1269,biodegradable,2
1270,leaking,2
1271,indications,2
1272,account,2
1273,services,2
1274,protected,2
1275,preservation,2
1276,sealed,2
1277,repair,2
1278,waterways,2
1279,dedicated,2
1280,covered,2
1281,highest,2
1282,gaseous,2
1283,added,2
1284,2000,2
1285,480,2
1286,volts,2
1287,various,2
1288,requires,2
1289,annual,2
1290,Add,2
1291,Addition,2
1292,known,2
1293,booster,2
1294,gassing,2
1295,characteristics,2
1296,quadrature,2
1297,consist,2
1298,2016,2
1299,soon,2
1300,adequate,2
1301,control,2
1302,Follow,2
1303,associated,2
1304,bubbling,2
1305,Commercial,2
1306,resulting,2
1307,cases,2
1308,Loading,2
1309,debris,2
1310,Distribution,2
1311,2005,2
1312,thoroughly,2
1313,International,2
1314,commissioning,2
1315,trip,2
1316,Book,2
1317,manufacturers,2
1318,supplied,2
1319,Breakers,2
1320,Circuit,2
1321,screening,2
1322,Color,2
1323,Switchgear,2
1324,arrestor,2
1325,Life,2
1326,Interfacial,2
1327,program,2
1328,Neutralization,2
1329,Inhibitor,2
1330,event,2
1331,Viscosity,2
1332,2003,2
1333,effect,2
1334,regulating,2
1335,collar,2
1336,buckling,2
1337,Action,2
1338,lack,2
1339,Wiley,2
1340,magnetic,2
1341,Surge,2
1342,Lightning,2
1343,remote,2
1344,lakes,2
1345,reasons,2
1346,joints,2
1347,significantly,2
1348,streams,2
1349,frequent,2
1350,Radial,2
1351,axial,2
1352,generally,2
1353,deformation,2
1354,continuous,2
1355,51N,2
1356,51ND,2
1357,67N³,2
1358,called,2
1359,Directional,2
1360,400,2
1361,interrupting,2
1362,upon,2
1363,Zero,2
1364,instantaneous,2
1365,distortion,2
1366,Edition,2
1367,vault,2
1368,mudflats,2
1369,wetlands,2
1370,Temperature,2
1371,preferred,2
1372,bus,2
1373,reliability,2
1374,via,2
1375,Practice,2
1376,overvoltages,2
1377,accuracy,2
1378,calibration,2
1379,designs,2
1380,store,2
1381,contact,2
1382,alarm,2
1383,published,2
1384,caution,2
1385,user,2
1386,Navigable,2
1387,produce,2
1388,waterway,2
1389,flows,2
1390,defined,2
1391,Edited,2
1392,Part,2
1393,alarms,2
1394,investigation,2
1395,fitness,2
1396,capabilities,2
1397,51ND²,2
1398,Failure,2
1399,periodic,2
1400,likely,2
1401,layers,2
1402,reduced,2
1403,transportation,2
1404,Updated,2
1405,forcibly,2
1406,Coil,2
1407,impractical,2
1408,harmonic,2
1409,silicone,2
1410,removal,2
1411,utilizing,2
1412,Degradation,2
1413,desiccant,2
1414,reactors,2
1415,hazards,2
1416,Repeat,2
1417,subject,2
1418,filter,2
1419,Aligned,2
1420,regular,2
1421,Benchmark,2
1422,days,2
1423,electrically,2
1424,upper,2
1425,Added,2
1426,keep,2
1427,depends,2
1428,decreased,2
1429,availability,2
1430,stress,2
1431,integration,2
1432,regardless,2
1433,CTs,2
1434,frequencies,2
1435,emphasis,2
1436,sensor,2
1437,safeguards,2
1438,Visually,2
1439,class,2
1440,especially,2
1441,induction,2
1442,Taking,2
1443,expected,2
1444,tripped,2
1445,FRA,2
1446,duration,2
1447,purpose,2
1448,L,2
1449,existing,2
1450,arranged,2
1451,380,2
1452,suffered,2
1453,pit,2
1454,subdivision,2
1455,g,2
1456,internally,2
1457,treated,2
1458,M,2
1459,whether,2
1460,impacted,2
1461,paralleled,2
1462,fires,2
1463,Less,2
1464,property,2
1465,show,2
1466,impact,2
1467,thumb,2
1468,five,1
1469,resonances,1
1470,analyzed,1
1471,shape,1
1472,tied,1
1473,closer,1
1474,vary,1
1475,diagnose,1
1476,specifically,1
1477,protocol,1
1478,Please,1
1479,Plot,1
1480,grid,1
1481,displayed,1
1482,Inject,1
1483,evaluated,1
1484,puts,1
1485,transfer,1
1486,complying,1
1487,disposition,1
1488,uniformly,1
1489,Feinberg,1
1490,dissimilar,1
1491,rock,1
1492,Bode,1
1493,appendix,1
1494,star,1
1495,amplitude,1
1496,washed,1
1497,Engineering,1
1498,curve,1
1499,O₂utdoor,1
1500,raise,1
1501,interpret,1
1502,developing,1
1503,expert,1
1504,repeat,1
1505,Equivalent,1
1506,magnetism,1
1507,left,1
1508,enable,1
1509,persons,1
1510,preliminary,1
1511,particularly,1
1512,Utility,1
1513,reenergized,1
1514,seeing,1
1515,unintentional,1
1516,Megger,1
1517,Practices,1
1518,shorting,1
1519,4th,1
1520,making,1
1521,lines,1
1522,Enclosed,1
1523,transmission,1
1524,ambient,1
1525,Some,1
1526,person,1
1527,sensitive,1
1528,require,1
1529,edition,1
1530,lowered,1
1531,collapse,1
1532,hoop,1
1533,gain,1
1534,raised,1
1535,Research,1
1536,plot,1
1537,1979,1
1538,skill,1
1539,Fully,1
1540,date,1
1541,pgs,1
1542,advanced,1
1543,850,1
1544,protectors,1
1545,114,1
1546,stage,1
1547,979,1
1548,obtain,1
1549,Campus,1
1550,standalone,1
1551,database,1
1552,nondestructive,1
1553,T19,1
1554,As,1
1555,D448,1
1556,quantity,1
1557,influenced,1
1558,Biphenlys,1
1559,Plants,1
1560,Generating,1
1561,interpreting,1
1562,1320,1
1563,2b,1
1564,classified,1
1565,2640,1
1566,Aged,1
1567,European,1
1568,2a,1
1569,neutrals,1
1570,Cast,1
1571,goal,1
1572,consulted,1
1573,Classification,1
1574,Sizes,1
1575,module,1
1576,EN,1
1577,Homer,1
1578,2007,1
1579,50195,1
1580,governmental,1
1581,complementary,1
1582,During,1
1583,effects,1
1584,2010,1
1585,reveal,1
1586,Federal,1
1587,tan,1
1588,angle,1
1589,dissipation,1
1590,ranges,1
1591,interested,1
1592,agent,1
1593,US,1
1594,Depending,1
1595,alternate,1
1596,since,1
1597,errors,1
1598,flame,1
1599,Since,1
1600,space,1
1601,burning,1
1602,LV,1
1603,Medium,1
1604,helps,1
1605,Terms,1
1606,Glossary,1
1607,2006,1
1608,repeated,1
1609,ungrounded,1
1610,761,1
1611,enters,1
1612,Difference,1
1613,calculate,1
1614,October,1
1615,T18,1
1616,2013,1
1617,pits,1
1618,Otherwise,1
1619,epoxy,1
1620,Increase,1
1621,Sections,1
1622,surface,1
1623,Clarifications,1
1624,Deviations,1
1625,Decrease,1
1626,April,1
1627,T17,1
1628,Safe,1
1629,closely,1
1630,Regulations,1
1631,Road,1
1632,T20,1
1633,Bridge,1
1634,December,1
1635,2017,1
1636,variable,1
1637,1998,1
1638,sinusoidal,1
1639,Modern,1
1640,rule,1
1641,requested,1
1642,requirement,1
1643,Aggregate,1
1644,flux,1
1645,2012,1
1646,safeguard,1
1647,flooding,1
1648,authority,1
1649,reactance,1
1650,2001,1
1651,sheets,1
1652,Recommendations,1
1653,refers,1
1654,referred,1
1655,substantially,1
1656,September,1
1657,sight,1
1658,reorganized,1
1659,incorrect,1
1660,filler,1
1661,consistent,1
1662,windingdistortion,1
1663,guarded,1
1664,format,1
1665,major,1
1666,appropriated,1
1667,guard,1
1668,immediate,1
1669,Overall,1
1670,Usually,1
1671,doubles,1
1672,signature,1
1673,aluminium,1
1674,Network,1
1675,valves,1
1676,Reliable,1
1677,Industrial,1
1678,Instruction,1
1679,commonly,1
1680,Duration,1
1681,Thermal,1
1682,Franklin,1
1683,element,1
1684,Evaluation,1
1685,11th,1
1686,diagnostics,1
1687,real,1
1688,usefulness,1
1689,Council,1
1690,493,1
1691,approximation,1
1692,CIGRE,1
1693,ways,1
1694,length,1
1695,fact,1
1696,degrees,1
1697,polymerization,1
1698,800,1
1699,Sum,1
1700,PPM,1
1701,proportionally,1
1702,converted,1
1703,instruments,1
1704,criterion,1
1705,represents,1
1706,approaching,1
1707,Johnson,1
1708,Large,1
1709,P,1
1710,theoretically,1
1711,best,1
1712,Single,1
1713,categories,1
1714,Products,1
1715,Today,1
1716,abnormalities,1
1717,satisfied,1
1718,offered,1
1719,Corporation,1
1720,resource,1
1721,complete,1
1722,continually,1
1723,market,1
1724,exhibits,1
1725,proven,1
1726,composite,1
1727,primarily,1
1728,lot,1
1729,economical,1
1730,spectroscopy,1
1731,technologies,1
1732,Management,1
1733,nine,1
1734,eight,1
1735,Techniques,1
1736,exceeded,1
1737,WG,1
1738,threshold,1
1739,readout,1
1740,acetylene,1
1741,J,1
1742,monoxide,1
1743,One,1
1744,Shorter,1
1745,break,1
1746,coming,1
1747,disconnect,1
1748,burst,1
1749,demonstrated,1
1750,successful,1
1751,externally,1
1752,temporarily,1
1753,equivalence,1
1754,propagated,1
1755,rapidly,1
1756,20kHz,1
1757,experiencing,1
1758,discussion,1
1759,qualitatively,1
1760,UL,1
1761,antenna,1
1762,half,1
1763,Item,1
1764,strap,1
1765,Bonneville,1
1766,51st,1
1767,Conference,1
1768,Clients,1
1769,Administration,1
1770,correctly,1
1771,speed,1
1772,exercise,1
1773,cleared,1
1774,3990,1
1775,impending,1
1776,sufficiently,1
1777,considers,1
1778,relieve,1
1779,occurs,1
1780,ultrahigh,1
1781,Knowledgeable,1
1782,Conserving,1
1783,Either,1
1784,contribute,1
1785,disadvantages,1
1786,complex,1
1787,spot,1
1788,advantages,1
1789,doubling,1
1790,weight,1
1791,Expectancy,1
1792,Inherent,1
1793,faster,1
1794,alone,1
1795,Relative,1
1796,identical,1
1797,solely,1
1798,complimentary,1
1799,degrade,1
1800,accurately,1
1801,coupling,1
1802,box,1
1803,decrease,1
1804,loses,1
1805,everyday,1
1806,RFCT,1
1807,occur,1
1808,capacitors,1
1809,exclusive,1
1810,Pyrolysis,1
1811,Hydrolysis,1
1812,act,1
1813,Acidity,1
1814,interrelated,1
1815,Heat,1
1816,necessarily,1
1817,Higher,1
1818,20C,1
1819,325,1
1820,deliberate,1
1821,shorts,1
1822,intrastate,1
1823,Differences,1
1824,given,1
1825,85,1
1826,75,1
1827,Multiple,1
1828,Annual,1
1829,225,1
1830,rivers,1
1831,Leaving,1
1832,average,1
1833,bottom,1
1834,leaves,1
1835,circulating,1
1836,dependent,1
1837,currently,1
1838,metal,1
1839,February,1
1840,Final,1
1841,investigated,1
1842,aged,1
1843,112,1
1844,tester,1
1845,brought,1
1846,ebb,1
1847,hole,1
1848,man,1
1849,tide,1
1850,opening,1
1851,accessed,1
1852,followingprecautions,1
1853,EPRI,1
1854,CFR,1
1855,1983,1
1856,cleanliness,1
1857,Study,1
1858,Pressure,1
1859,dependence,1
1860,pg,1
1861,untanked,1
1862,Rustebakke,1
1863,dryness,1
1864,recreational,1
1865,fish,1
1866,shellfish,1
1867,sold,1
1868,derived,1
1869,industries,1
1870,destruction,1
1871,fifteen,1
1872,resolved,1
1873,interfere,1
1874,intermittent,1
1875,Ductor,1
1876,sloughs,1
1877,ohmmeter,1
1878,last,1
1879,magnetize,1
1880,charge,1
1881,second,1
1882,prairie,1
1883,contaminated,1
1884,potholes,1
1885,meadows,1
1886,playa,1
1887,ponds,1
1888,ethane,1
1889,methane,1
1890,Same,1
1891,extension,1
1892,determination,1
1893,kHz,1
1894,Hz,1
1895,across,1
1896,serving,1
1897,While,1
1898,meters,1
1899,Prepared,1
1900,members,1
1901,public,1
1902,employees,1
1903,Public,1
1904,detecting,1
1905,tip,1
1906,engineers,1
1907,distinguish,1
1908,Polar,1
1909,enables,1
1910,equal,1
1911,viewed,1
1912,remotely,1
1913,assess,1
1914,volt,1
1915,users,1
1916,near,1
1917,parking,1
1918,progress,1
1919,interior,1
1920,advantage,1
1921,susceptibility,1
1922,estimate,1
1923,Knowing,1
1924,assembly,1
1925,carbonization,1
1926,indicator,1
1927,Lower,1
1928,1976,1
1929,train,1
1930,benchmarking,1
1931,factory,1
1932,common,1
1933,becoming,1
1934,variety,1
1935,Methods,1
1936,complement,1
1937,localize,1
1938,methods,1
1939,triangulation,1
1940,antennae,1
1941,involves,1
1942,diagnostic,1
1943,triangulate,1
1944,salts,1
1945,Increasing,1
1946,conductive,1
1947,educational,1
1948,institutional,1
1949,stores,1
1950,centers,1
1951,evidence,1
1952,airport,1
1953,developed,1
1954,steps,1
1955,however,1
1956,subway,1
1957,defects,1
1958,seriousness,1
1959,therefore,1
1960,wave,1
1961,Limit,1
1962,charging,1
1963,bladders,1
1964,specifications,1
1965,meets,1
1966,filling,1
1967,batteries,1
1968,breakers,1
1969,Proper,1
1970,accelerates,1
1971,enter,1
1972,checking,1
1973,periodically,1
1974,swabbing,1
1975,integrated,1
1976,knowledge,1
1977,ownership,1
1978,Clear,1
1979,comments,1
1980,responds,1
1981,actions,1
1982,Immediately,1
1983,malfunction,1
1984,intervals,1
1985,removed,1
1986,Record,1
1987,bulk,1
1988,migrate,1
1989,wait,1
1990,prudent,1
1991,care,1
1992,Exercise,1
1993,investigate,1
1994,upgrade,1
1995,Verify,1
1996,dynamic,1
1997,Consider,1
1998,risks,1
1999,economic,1
2000,studies,1
2001,mortality,1
2002,infant,1
2003,energization,1
2004,Tracking,1
2005,stakeholders,1
2006,agreed,1
2007,transmit,1
2008,basic,1
2009,summary,1
2010,analyze,1
2011,unusual,1
2012,staffed,1
2013,SCADA,1
2014,manned,1
2015,continuously,1
2016,Select,1
2017,setting,1
2018,cameras,1
2019,Corona,1
2020,conduct,1
2021,translate,1
2022,algorithms,1
2023,pieces,1
2024,resources,1
2025,inability,1
2026,Field,1
2027,accept,1
2028,hourlysampling,1
2029,Robustness,1
2030,alert,1
2031,plans,1
2032,human,1
2033,effective,1
2034,focused,1
2035,trigger,1
2036,broadband,1
2037,views,1
2038,justify,1
2039,interval,1
2040,adjust,1
2041,substitute,1
2042,andlimits,1
2043,unauthorized,1
2044,Security,1
2045,electromagnetic,1
2046,immunity,1
2047,subsequent,1
2048,degassing,1
2049,regenerating,1
2050,With,1
2051,hold,1
2052,spills,1
2053,steel,1
2054,T4,1
2055,F2,1
2056,Subdivide,1
2057,describes,1
2058,accessories,1
2059,Rating,1
2060,elevated,1
2061,Room,1
2062,Largest,1
2063,Inside,1
2064,Outside,1
2065,Detached,1
2066,compromised,1
2067,indoors,1
2068,saturated,1
2069,Regardless,1
2070,arrange,1
2071,closed,1
2072,doors,1
2073,Mist,1
2074,atmospheres,1
2075,dusty,1
2076,spacing,1
2077,absence,1
2078,attended,1
2079,sound,1
2080,vent,1
2081,Equip,1
2082,cables,1
2083,grouped,1
2084,plastics,1
2085,loading,1
2086,stops,1
2087,penetrate,1
2088,conductors,1
2089,shutters,1
2090,quality,1
2091,crate,1
2092,consequences,1
2093,unacceptable,1
2094,Integrity,1
2095,Asset,1
2096,Create,1
2097,reduce,1
2098,sparing,1
2099,planning,1
2100,viable,1
2101,develop,1
2102,outage,1
2103,shipping,1
2104,forced,1
2105,consult,1
2106,gaskets,1
2107,recommend,1
2108,opened,1
2109,regarding,1
2110,cleaned,1
2111,preserve,1
2112,procedures,1
2113,dismantling,1
2114,installation,1
2115,contracts,1
2116,accessary,1
2117,condensation,1
2118,heaters,1
2119,cabinet,1
2120,Connect,1
2121,exposures,1
2122,viability,1
2123,dirt,1
2124,Spare,1
2125,Storage,1
2126,collateral,1
2127,Assessment,1
2128,strategy,1
2129,optimum,1
2130,vendor,1
2131,delivery,1
2132,vendors,1
2133,extended,1
2134,furnaces,1
2135,door,1
2136,cover,1
2137,difficult,1
2138,Features,1
2139,Special,1
2140,list,1
2141,imbalance,1
2142,autotransformers,1
2143,coil,1
2144,prohibit,1
2145,transient,1
2146,issues,1
2147,overvoltage,1
2148,F1E,1
2149,F1D,1
2150,F1C,1
2151,F1B,1
2152,F1A,1
2153,51NY,1
2154,50NY,1
2155,sensitivity,1
2156,mentioned,1
2157,constant,1
2158,Bucholz,1
2159,Arc,1
2160,inadvertent,1
2161,defense,1
2162,Overcurrent,1
2163,false,1
2164,solidly,1
2165,Grounding,1
2166,Overload,1
2167,Separate,1
2168,shifting,1
2169,accounted,1
2170,designing,1
2171,auto,1
2172,preventive,1
2173,changing,1
2174,house,1
2175,sets,1
2176,consider,1
2177,50N,1
2178,50GD²,1
2179,50G¹,1
2180,recording,1
2181,ONLY,1
2182,ALL,1
2183,44,1
2184,42,1
2185,36,1
2186,Contents,1
2187,permission,1
2188,otherwise,1
2189,photocopying,1
2190,chosen,1
2191,electronic,1
2192,whole,1
2193,transmitted,1
2194,reproduced,1
2195,reserved,1
2196,rights,1
2197,TRANSFORMERS,1
2198,Property,1
2199,step,1
2200,utility,1
2201,Such,1
2202,generator,1
2203,87TN³,1
2204,50ND²,1
2205,schemes,1
2206,lightning,1
2207,harmonics,1
2208,presented,1
2209,engineering,1
2210,structures,1
2211,limiting,1
2212,pool,1
2213,quantities,1
2214,substantial,1
2215,fail,1
2216,statistics,1
2217,explosions,1
2218,reducing,1
2219,reliable,1
2220,Rectifier,1
2221,manufacture,1
2222,T1,1
2223,mounted,1
2224,T2,1
2225,repeating,1
2226,impossible,1
2227,inaccessible,1
2228,shell,1
2229,disconnected,1
2230,easily,1
2231,manhole,1
2232,intentional,1
2233,add,1
2234,Contact,1
2235,changer³,1
2236,resistance²,1
2237,Bushings,1
2238,Polarization,1
2239,Windings,1
2240,Components,1
2241,stray,1
2242,servicing,1
2243,deciding,1
2244,Mode,1
2245,Remarks,1
2246,onerous,1
2247,operated,1
2248,business,1
2249,significant,1
2250,accelerated,1
2251,indicated,1
2252,suitability,1
2253,T3,1
2254,deteriorated,1
2255,Contaminated,1
2256,taps,1
2257,Faulty,1
2258,condenser,1
2259,Unintentional,1
2260,failures,1
2261,Clamping,1
2262,Short,1
2263,performing,1
2264,Method,1
2265,recorders,1
2266,troubleshooting,1
2267,expired,1
2268,fouled,1
2269,cracked,1
2270,beencollected,1
2271,never,1
2272,Corrosive,1
2273,On,1
2274,Reactance,1
2275,help,1
2276,Modified,1
2277,providing,1
2278,fingerprinting,1
2279,state,1
2280,affected,1
2281,occurred,1
2282,destination,1
2283,arrived,1
2284,whenever,1
2285,cool,1
2286,tight,1
2287,noises,1
2288,smells,1
2289,1275,1
2290,deposition,1
2291,62535,1
2292,IEC,1
2293,bare,1
2294,climate,1
2295,uninhibited,1
2296,built,1
2297,oils,1
2298,inhibited,1
2299,LTC,1
2300,warranted,1
2301,year,1
2302,temporary,1
2303,dust,1
2304,satisfactory,1
2305,housekeeping,1
2306,concentrate,1
2307,limitations,1
2308,resistive,1
2309,reason,1
2310,world,1
2311,manufactured,1
2312,almost,1
2313,America,1
2314,North,1
2315,2FAL,1
2316,total,1
2317,relies,1
2318,much,1
2319,repartition,1
2320,thermally,1
2321,nonintrusive,1
2322,furanic,1
2323,Sampling,1
2324,concentrated,1
2325,Furanic,1
2326,T10B,1
2327,T10A,1
2328,NTU,1
2329,back,1
2330,Loose,1
2331,severity,1
2332,Conductor,1
2333,H₄,1
2334,Cause,1
2335,Likely,1
2336,formulas,1
2337,represented,1
2338,names,1
2339,report,1
2340,analyzing,1
2341,reach,1
2342,By,1
2343,bearing,1
2344,wear,1
2345,metallic,1
2346,Particles,1
2347,filtering,1
2348,furans,1
2349,equilibrium,1
2350,accelerate,1
2351,catalyst,1
2352,acid,1
2353,Their,1
2354,Number,1
2355,Tension,1
2356,100C,1
2357,25C,1
2358,Strength,1
2359,69kV,1
2360,Acceptance,1
2361,Different,1
2362,T9,1
2363,tendency,1
2364,shut,1
2365,imminent,1
2366,opportunity,1
2367,next,1
2368,Continue,1
2369,Reference,1
2370,Above,1
2371,scans,1
2372,Mg,1
2373,50C,1
2374,60C,1
2375,70C,1
2376,efficiency,1
2377,coat,1
2378,sludge,1
2379,forming,1
2380,prone,1
2381,certain,1
2382,neutralization,1
2383,D445,1
2384,D92,1
2385,450,1
2386,D1533,1
2387,D924,1
2388,Dissipation,1
2389,23440,1
2390,D1816,1
2391,II,1
2392,55,1
2393,C₂H,1
2394,Arcing,1
2395,Formula,1
2396,125,1
2397,useless,1
2398,render,1
2399,Improper,1
2400,party,1
2401,third,1
2402,true,1
2403,standards,1
2404,D3613,1
2405,105,1
2406,1920,1
2407,Synthetic,1
2408,170,1
2409,235,1
2410,1500,1
2411,limit¹,1
2412,3360,1
2413,3000,1
2414,3500,1
2415,even,1
2416,worse,1
2417,samples,1
2418,sunlight,1
2419,magnetizing,1
2420,comprising,1
2421,T16,1
2422,T15,1
2423,T14,1
2424,T13,1
2425,T12,1
2426,T11,1
2427,collects,1
2428,body,1
2429,collected,1
2430,flushing,1
2431,lighter,1
2432,collect,1
2433,bottle,1
2434,temperatures,1
2435,extreme,1
2436,Excessive,1
2437,4000,1
2438,Name,1
2439,field,1
2440,blanket,1
2441,escape,1
2442,Free,1
2443,Sealed,1
2444,Factors,1
2445,chemistry,1
2446,understanding,1
2447,requiring,1
2448,specialized,1
2449,570,1
2450,highly,1
2451,propylene,1
2452,propane,1
2453,sometimes,1
2454,Nitrogen,1
2455,N₂,1
2456,Oxygen,1
2457,O₂,1
2458,pressures,1
2459,Having,1
2460,diverter,1
2461,switch,1
2462,Greater,1
2463,720,1
2464,2500,1
2465,table,1
2466,silicon,1
2467,establish,1
2468,decide,1
2469,Users,1
2470,consensus,1
2471,repaired,1
2472,lists,1
2473,conclusion,1
2474,wrong,1
2475,mask,1
2476,mix,1
2477,Faults,1
2478,operations,1
2479,arrestors,1
2480,contacts,1
2481,supplement,1
2482,regulations,1
2483,hoses,1
2484,Substations,1
2485,Spills,1
2486,Control,1
2487,980,1
2488,STD,1
2489,accidental,1
2490,scope,1
2491,environmental,1
2492,sides,1
2493,install,1
2494,F6,1
2495,Hour,1
2496,enclosures,1
2497,horizontally,1
2498,vertically,1
2499,T8,1
2500,Yes,1
2501,assuming,1
2502,exposing,1
2503,Overheating,1
2504,45,1
2505,impingement,1
2506,Determine,1
2507,F8,1
2508,F7,1
2509,origin,1
2510,simultaneous,1
2511,onto,1
2512,let,1
2513,etc,1
2514,simultaneously,1
2515,layouts,1
2516,except,1
2517,surfaces,1
2518,coolers,1
2519,perimeter,1
2520,rainwater,1
2521,Flammable,1
2522,activating,1
2523,covering,1
2524,roofs,1
2525,adjoining,1
2526,drills,1
2527,respectively,1
2528,casings,1
2529,Alone,1
2530,implemented,1
2531,volumes,1
2532,production,1
2533,annually,1
2534,update,1
2535,Conduct,1
2536,away,1
2537,responders,1
2538,shift,1
2539,authorize,1
2540,Train,1
2541,firefighting,1
2542,expedite,1
2543,documented,1
2544,Prepare,1
2545,blank,1
2546,Wall¹,1
2547,¹,1
2548,Listing,1
2549,imum,1
2550,Max,1
2551,T7,1
2552,F5,1
2553,Height,1
2554,radiant,1
2555,excessive,1
2556,D,1
2557,T6,1
2558,T5,1
2559,F4,1
2560,F3,1
2561,dimension,1
2562,respective,1
2563,Wall³,1
2564,²,1
2565,Dimension¹,1
2566,rundown,1
2567,Spacing,1
2568,Axial,1
2569,Drain,1
2570,container,1
2571,twice,1
2572,onsite,1
2573,site,1
2574,dispose,1
2575,Remove,1
2576,absorbent,1
2577,Pack,1
2578,empty,1
2579,penetrations,1
2580,sheeting,1
2581,plastic,1
2582,prepare,1
2583,plant,1
2584,minimize,1
2585,replacing,1
2586,Keep,1
2587,directly,1
2588,impervious,1
2589,curbing,1
2590,discussed,1
2591,Better,1
2592,Eddy,1
2593,Shut,1
2594,Blocked,1
2595,camera,1
2596,coolest,1
2597,points,1
2598,readily,1
2599,component,1
2600,ideally,1
2601,rely,1
2602,Complementary,1
2603,unexpectedly,1
2604,checked,1
2605,observing,1
2606,family,1
2607,plate,1
2608,name,1
2609,Exhaust,1
2610,processes,1
2611,allowance,1
2612,food,1
2613,refilled,1
2614,flushed,1
2615,fill,1
2616,flush,1
2617,heavy,1
2618,shops,1
2619,machine,1
2620,facilities,1
2621,pharmaceutical,1
2622,hazardous,1
2623,offices,1
2624,hospitals,1
2625,amounts,1
2626,trace,1
2627,1900,1
2628,holding,1
2629,950,1
2630,250,1
2631,verify,1
2632,pending,1
2633,handle,1
2634,Include,1
2635,Isolate,1
2636,bank,1
2637,leading,1
2638,exception,1
2639,inspections,1
2640,monthly,1
2641,EPA,1
2642,nearest,1
2643,Center,1
2644,States,1
2645,United,1
2646,authorities,1
2647,local,1
2648,clients,1
2649,disposal,1
2650,staff,1
2651,Availability,1
2652,BIBLIOGRAPHY,1
